{"Locations":[{"Latitude":37.999833,"Longitude":23.743177},{"Latitude":37.966783,"Longitude":23.778605}]}